batch_id,product_id,item_code,expiry_date,stock_qty
B-0001-01,1,SKU-10001,2026-09-07,275
B-0003-01,3,SKU-10003,2027-02-16,18
B-0003-02,3,SKU-10003,2028-02-12,7
B-0005-01,5,SKU-10005,2026-09-03,26
B-0005-02,5,SKU-10005,2028-01-01,38
B-0006-01,6,SKU-10006,2026-09-16,18
B-0007-01,7,SKU-10007,2026-09-11,30
B-0007-02,7,SKU-10007,2028-01-19,13
B-0008-01,8,SKU-10008,2027-10-26,22
B-0008-02,8,SKU-10008,2027-05-16,51
B-0009-01,9,SKU-10009,2026-09-06,22
B-0010-01,10,SKU-10010,2026-09-20,1
B-0010-02,10,SKU-10010,2027-12-27,15
B-0011-01,11,SKU-10011,2026-09-29,7
B-0011-02,11,SKU-10011,2028-03-27,3
B-0012-01,12,SKU-10012,2026-09-08,22
B-0013-01,13,SKU-10013,2026-10-11,33
B-0014-01,14,SKU-10014,2026-10-11,3
B-0014-02,14,SKU-10014,2026-12-20,13
B-0015-01,15,SKU-10015,2026-11-28,6
B-0015-02,15,SKU-10015,2026-10-28,4
B-0016-01,16,SKU-10016,2028-02-02,19
B-0016-02,16,SKU-10016,2027-07-26,30
B-0017-01,17,SKU-10017,2028-02-29,13
B-0017-02,17,SKU-10017,2028-01-28,26
B-0018-01,18,SKU-10018,2027-12-01,12
B-0018-02,18,SKU-10018,2028-07-29,5
B-0019-01,19,SKU-10019,2027-07-01,2
B-0019-02,19,SKU-10019,2027-12-16,16
B-0020-01,20,SKU-10020,2026-11-27,4
B-0020-02,20,SKU-10020,2027-12-27,7
B-0020-03,20,SKU-10020,2026-09-18,1
B-0021-01,21,SKU-10021,2028-04-14,38
B-0021-02,21,SKU-10021,2027-01-03,64
B-0022-01,22,SKU-10022,2027-06-02,7
B-0022-02,22,SKU-10022,2028-08-03,11
B-0022-03,22,SKU-10022,2027-06-30,3
B-0023-01,23,SKU-10023,2028-04-11,1
B-0023-02,23,SKU-10023,2027-02-18,10
B-0024-01,24,SKU-10024,2027-10-19,22
B-0024-02,24,SKU-10024,2027-05-10,5
B-0024-03,24,SKU-10024,2026-09-18,1
B-0025-01,25,SKU-10025,2028-04-05,21
B-0025-02,25,SKU-10025,2026-09-01,49
B-0025-03,25,SKU-10025,2026-08-27,72
B-0026-01,26,SKU-10026,2027-04-09,21
B-0026-02,26,SKU-10026,2026-10-04,85
B-0027-01,27,SKU-10027,2026-09-10,4
B-0028-01,28,SKU-10028,2027-12-26,6
B-0029-01,29,SKU-10029,2026-12-29,4
B-0029-02,29,SKU-10029,2026-10-07,3
B-0030-01,30,SKU-10030,2026-11-03,8
B-0030-02,30,SKU-10030,2028-02-25,1
B-0030-03,30,SKU-10030,2028-02-17,4
B-0031-01,31,SKU-10031,2028-01-28,56
B-0032-01,32,SKU-10032,2026-08-13,134
B-0033-01,33,SKU-10033,2026-09-23,10
B-0033-02,33,SKU-10033,2028-06-24,29
B-0033-03,33,SKU-10033,2026-09-25,8
B-0034-01,34,SKU-10034,2028-01-04,1
B-0034-02,34,SKU-10034,2027-11-08,31
B-0035-01,35,SKU-10035,2026-12-13,267
B-0035-02,35,SKU-10035,2028-04-10,286
B-0036-01,36,SKU-10036,2027-01-14,6
B-0036-02,36,SKU-10036,2028-02-29,1
B-0037-01,37,SKU-10037,2026-12-30,3
B-0037-02,37,SKU-10037,2026-09-25,11
B-0037-03,37,SKU-10037,2026-08-30,2
B-0038-01,38,SKU-10038,2027-01-21,475
B-0038-02,38,SKU-10038,2026-10-09,33
B-0039-01,39,SKU-10039,2026-09-16,8
B-0040-01,40,SKU-10040,2027-06-01,9
B-0040-02,40,SKU-10040,2026-09-30,3
B-0040-03,40,SKU-10040,2027-02-23,5
B-0042-01,42,SKU-10042,2026-09-15,3
B-0043-01,43,SKU-10043,2027-11-20,210
B-0043-02,43,SKU-10043,2026-08-29,80
B-0044-01,44,SKU-10044,2026-09-19,2
B-0044-02,44,SKU-10044,2028-02-20,10
B-0044-03,44,SKU-10044,2026-11-08,6
B-0046-01,46,SKU-10046,2026-09-19,9
B-0046-02,46,SKU-10046,2026-10-20,2
B-0047-01,47,SKU-10047,2026-07-31,59
B-0047-02,47,SKU-10047,2026-09-25,42
B-0048-01,48,SKU-10048,2028-06-29,94
B-0048-02,48,SKU-10048,2028-02-20,20
B-0048-03,48,SKU-10048,2026-09-19,70
B-0049-01,49,SKU-10049,2026-11-17,1063
B-0049-02,49,SKU-10049,2028-03-09,540
B-0049-03,49,SKU-10049,2027-03-11,63
B-0050-01,50,SKU-10050,2026-12-29,1
B-0050-02,50,SKU-10050,2027-06-07,5
B-0050-03,50,SKU-10050,2027-05-16,6
B-0051-01,51,SKU-10051,2026-10-27,18
B-0051-02,51,SKU-10051,2026-12-30,27
B-0052-01,52,SKU-10052,2026-08-31,16
B-0052-02,52,SKU-10052,2027-11-10,80
B-0053-01,53,SKU-10053,2027-10-12,1
B-0054-01,54,SKU-10054,2027-01-11,2
B-0054-02,54,SKU-10054,2027-10-14,47
B-0055-01,55,SKU-10055,2026-11-17,1
B-0055-02,55,SKU-10055,2026-10-29,6
B-0056-01,56,SKU-10056,2026-11-16,11
B-0056-02,56,SKU-10056,2028-04-09,1
B-0056-03,56,SKU-10056,2027-04-21,6
B-0057-01,57,SKU-10057,2026-09-29,38
B-0057-02,57,SKU-10057,2028-04-12,113
B-0058-01,58,SKU-10058,2028-02-03,4
B-0058-02,58,SKU-10058,2027-06-19,3
B-0058-03,58,SKU-10058,2026-09-11,13
B-0059-01,59,SKU-10059,2027-05-04,13
B-0059-02,59,SKU-10059,2026-09-15,1
B-0059-03,59,SKU-10059,2026-09-10,3
B-0060-01,60,SKU-10060,2026-11-29,1
B-0060-02,60,SKU-10060,2028-08-11,11
B-0061-01,61,SKU-10061,2028-03-15,96
B-0061-02,61,SKU-10061,2028-03-07,342
B-0062-01,62,SKU-10062,2027-02-02,16
B-0063-01,63,SKU-10063,2026-10-24,13
B-0064-01,64,SKU-10064,2027-10-23,164
B-0064-02,64,SKU-10064,2028-02-15,249
B-0064-03,64,SKU-10064,2028-05-06,72
B-0065-01,65,SKU-10065,2026-09-17,25
B-0065-02,65,SKU-10065,2028-01-28,9
B-0066-01,66,SKU-10066,2026-09-24,54
B-0067-01,67,SKU-10067,2028-03-25,329
B-0067-02,67,SKU-10067,2026-10-11,57
B-0068-01,68,SKU-10068,2027-05-18,15
B-0068-02,68,SKU-10068,2026-10-23,28
B-0068-03,68,SKU-10068,2027-06-05,9
B-0069-01,69,SKU-10069,2026-09-18,33
B-0070-01,70,SKU-10070,2026-09-21,13
B-0071-01,71,SKU-10071,2028-05-23,10
B-0071-02,71,SKU-10071,2028-08-25,4
B-0071-03,71,SKU-10071,2027-07-04,2
B-0072-01,72,SKU-10072,2026-09-16,11
B-0072-02,72,SKU-10072,2026-08-30,59
B-0073-01,73,SKU-10073,2026-11-09,187
B-0073-02,73,SKU-10073,2028-07-09,53
B-0074-01,74,SKU-10074,2027-10-13,73
B-0074-02,74,SKU-10074,2028-05-03,83
B-0074-03,74,SKU-10074,2026-10-09,33
B-0075-01,75,SKU-10075,2027-12-07,26
B-0075-02,75,SKU-10075,2027-08-28,1
B-0075-03,75,SKU-10075,2026-09-30,1
B-0076-01,76,SKU-10076,2026-08-06,25
B-0076-02,76,SKU-10076,2027-08-12,51
B-0077-01,77,SKU-10077,2028-02-10,84
B-0078-01,78,SKU-10078,2027-08-10,7
B-0078-02,78,SKU-10078,2028-03-23,4
B-0078-03,78,SKU-10078,2028-03-05,12
B-0079-01,79,SKU-10079,2026-10-05,36
B-0080-01,80,SKU-10080,2027-05-10,6
B-0080-02,80,SKU-10080,2026-09-09,7
B-0081-01,81,SKU-10081,2027-03-31,17
B-0081-02,81,SKU-10081,2026-10-13,330
B-0082-01,82,SKU-10082,2026-10-22,6
B-0082-02,82,SKU-10082,2027-10-26,46
B-0083-01,83,SKU-10083,2028-01-31,33
B-0083-02,83,SKU-10083,2028-01-25,18
B-0083-03,83,SKU-10083,2028-05-23,1
B-0084-01,84,SKU-10084,2026-12-19,103
B-0084-02,84,SKU-10084,2026-07-31,55
B-0085-01,85,SKU-10085,2026-12-31,22
B-0085-02,85,SKU-10085,2026-10-10,1
B-0085-03,85,SKU-10085,2028-06-08,1
B-0086-01,86,SKU-10086,2026-11-06,3
B-0086-02,86,SKU-10086,2027-02-13,4
B-0087-01,87,SKU-10087,2026-12-03,42
B-0087-02,87,SKU-10087,2028-08-01,17
B-0087-03,87,SKU-10087,2026-09-06,17
B-0088-01,88,SKU-10088,2028-03-07,29
B-0088-02,88,SKU-10088,2028-02-20,1
B-0088-03,88,SKU-10088,2026-11-28,2
B-0089-01,89,SKU-10089,2026-11-08,50
B-0089-02,89,SKU-10089,2026-11-27,80
B-0090-01,90,SKU-10090,2026-09-24,4
B-0092-01,92,SKU-10092,2026-10-09,1
B-0092-02,92,SKU-10092,2027-10-10,85
B-0093-01,93,SKU-10093,2027-09-30,18
B-0093-02,93,SKU-10093,2027-09-28,17
B-0094-01,94,SKU-10094,2027-03-23,25
B-0095-01,95,SKU-10095,2028-06-05,10
B-0096-01,96,SKU-10096,2026-10-05,95
B-0097-01,97,SKU-10097,2028-03-16,18
B-0097-02,97,SKU-10097,2026-10-11,12
B-0098-01,98,SKU-10098,2027-07-01,1
B-0098-02,98,SKU-10098,2027-08-05,20
B-0099-01,99,SKU-10099,2028-01-22,10
B-0099-02,99,SKU-10099,2027-11-12,5
B-0100-01,100,SKU-10100,2027-11-29,57
B-0100-02,100,SKU-10100,2026-10-05,5
B-0101-01,101,SKU-10101,2028-06-07,6
B-0101-02,101,SKU-10101,2027-05-14,3
B-0101-03,101,SKU-10101,2027-05-20,9
B-0102-01,102,SKU-10102,2028-06-19,120
B-0103-01,103,SKU-10103,2026-07-30,190
B-0103-02,103,SKU-10103,2026-10-02,113
B-0104-01,104,SKU-10104,2026-08-27,3
B-0104-02,104,SKU-10104,2026-09-25,12
B-0104-03,104,SKU-10104,2027-11-10,11
B-0105-01,105,SKU-10105,2027-12-11,120
B-0105-02,105,SKU-10105,2027-05-06,68
B-0106-01,106,SKU-10106,2028-02-20,3
B-0106-02,106,SKU-10106,2026-09-05,4
B-0106-03,106,SKU-10106,2026-08-29,5
B-0108-01,108,SKU-10108,2027-10-12,34
B-0108-02,108,SKU-10108,2027-09-09,2
B-0108-03,108,SKU-10108,2026-07-28,1
B-0109-01,109,SKU-10109,2027-02-13,8
B-0109-02,109,SKU-10109,2027-06-25,25
B-0110-01,110,SKU-10110,2027-10-23,35
B-0110-02,110,SKU-10110,2028-05-08,28
B-0111-01,111,SKU-10111,2028-01-31,142
B-0111-02,111,SKU-10111,2028-08-04,3
B-0111-03,111,SKU-10111,2026-09-29,19
B-0112-01,112,SKU-10112,2026-10-18,3
B-0112-02,112,SKU-10112,2026-12-01,42
B-0113-01,113,SKU-10113,2027-11-06,35
B-0114-01,114,SKU-10114,2027-05-22,4
B-0115-01,115,SKU-10115,2028-04-01,88
B-0115-02,115,SKU-10115,2027-11-12,405
B-0116-01,116,SKU-10116,2027-09-11,46
B-0116-02,116,SKU-10116,2026-08-19,8
B-0117-01,117,SKU-10117,2026-11-29,191
B-0118-01,118,SKU-10118,2027-12-18,21
B-0118-02,118,SKU-10118,2027-09-09,4
B-0119-01,119,SKU-10119,2028-08-25,6
B-0119-02,119,SKU-10119,2026-10-17,17
B-0120-01,120,SKU-10120,2027-11-16,3
B-0120-02,120,SKU-10120,2026-09-19,4
